<?xml version="1.0" encoding="UTF-8"?>
<project-private xmlns="http://www.netbeans.org/ns/project-private/1">
    <editor-bookmarks xmlns="http://www.netbeans.org/ns/editor-bookmarks/2" lastBookmarkId="0"/>
    <open-files xmlns="http://www.netbeans.org/ns/projectui-open-files/2">
        <group>
            <file>file:/C:/Users/Ihab%20Soliman/Desktop/handasa/RestaurantProject/JavaApplication10/src/javaapplication10/Waiter.java</file>
            <file>file:/C:/Users/Ihab%20Soliman/Desktop/handasa/RestaurantProject/JavaApplication10/src/javaapplication10/Tables.java</file>
            <file>file:/C:/Users/Ihab%20Soliman/Desktop/handasa/RestaurantProject/JavaApplication10/src/javaapplication10/Users.java</file>
            <file>file:/C:/Users/Ihab%20Soliman/Desktop/handasa/RestaurantProject/JavaApplication10/src/javaapplication10/Table.java</file>
            <file>file:/C:/Users/Ihab%20Soliman/Desktop/handasa/RestaurantProject/JavaApplication10/src/javaapplication10/ReservationList.java</file>
            <file>file:/C:/Users/Ihab%20Soliman/Desktop/handasa/RestaurantProject/JavaApplication10/src/javaapplication10/RestaurantUsers.java</file>
            <file>file:/C:/Users/Ihab%20Soliman/Desktop/handasa/RestaurantProject/JavaApplication10/src/javaapplication10/Restaurant.xml</file>
            <file>file:/C:/Users/Ihab%20Soliman/Desktop/handasa/RestaurantProject/JavaApplication10/src/javaapplication10/Cooker.java</file>
            <file>file:/C:/Users/Ihab%20Soliman/Desktop/handasa/RestaurantProject/JavaApplication10/src/javaapplication10/Person.java</file>
            <file>file:/C:/Users/Ihab%20Soliman/Desktop/handasa/RestaurantProject/JavaApplication10/src/javaapplication10/User.java</file>
            <file>file:/C:/Users/Ihab%20Soliman/Desktop/handasa/RestaurantProject/JavaApplication10/src/javaapplication10/Dish.java</file>
            <file>file:/C:/Users/Ihab%20Soliman/Desktop/handasa/RestaurantProject/JavaApplication10/src/javaapplication10/Manager.java</file>
            <file>file:/C:/Users/Ihab%20Soliman/Desktop/handasa/RestaurantProject/JavaApplication10/src/javaapplication10/Reservations.java</file>
            <file>file:/C:/Users/Ihab%20Soliman/Desktop/handasa/RestaurantProject/JavaApplication10/src/javaapplication10/RestaurantTables.java</file>
            <file>file:/C:/Users/Ihab%20Soliman/Desktop/handasa/RestaurantProject/JavaApplication10/src/javaapplication10/Waiters.java</file>
            <file>file:/C:/Users/Ihab%20Soliman/Desktop/handasa/RestaurantProject/JavaApplication10/src/javaapplication10/AlertBoxes.java</file>
            <file>file:/C:/Users/Ihab%20Soliman/Desktop/handasa/RestaurantProject/JavaApplication10/src/javaapplication10/Customer.java</file>
            <file>file:/C:/Users/Ihab%20Soliman/Desktop/handasa/RestaurantProject/JavaApplication10/src/javaapplication10/JavaApplication10.java</file>
            <file>file:/C:/Users/Ihab%20Soliman/Desktop/handasa/RestaurantProject/JavaApplication10/src/javaapplication10/Cookers.java</file>
            <file>file:/C:/Users/Ihab%20Soliman/Desktop/handasa/RestaurantProject/JavaApplication10/src/javaapplication10/RestaurantDishes.java</file>
            <file>file:/C:/Users/Ihab%20Soliman/Desktop/handasa/RestaurantProject/JavaApplication10/src/javaapplication10/Managers.java</file>
        </group>
    </open-files>
</project-private>
